"","algo","F1","precision","recall","tnr","fnr","fpr","accuracy","G","auc","Gmean","balance"
"1","ga",0.357449589245705,0.217647058823529,1,0,0,1,0.217647058823529,0,0.5,0,0.292893218813453
"2","ibea",0.694991055456171,0.563492063492063,0.930288461538461,0.828095238095238,0.0697115384615384,0.171904761904762,0.843069641649764,0.87775084972145,0.879888774420025,0.739243312961302,0.857148767621136
"3","nsga2",0.697018970189702,0.571212121212122,0.927083333333333,0.835491071428571,0.0729166666666667,0.164508928571429,0.847058823529412,0.87139134990101,0.873106884057971,0.747270246288235,0.853379957296045
"4","nsga3",0.699177438307873,0.571212121212122,0.935416666666667,0.837285902503294,0.0645833333333334,0.162714097496707,0.847058823529412,0.882184373967486,0.883471525455221,0.746079802640236,0.862084870322015
"5","rs",0.357449589245705,0.217647058823529,1,0,0,1,0.217647058823529,0,0.5,0,0.292893218813453
"6","spea2",0.699177438307873,0.568322981366459,0.91875,0.828095238095238,0.08125,0.171904761904762,0.847058823529412,0.871383958114486,0.871837797619047,0.742767919547551,0.853188293773532
