"","algo","F1","precision","recall","tnr","fnr","fpr","accuracy","G","auc","Gmean","balance"
"1","ga",0.0998888751697741,0.0525991792065664,1,0,0,1,0.0525991792065664,0,0.5,0,0.292893218813453
"2","ibea",0.671328671328671,0.583333333333333,1,0.974679487179487,0,0.0253205128205128,0.964911080711354,0.972358263147538,0.972744637084925,0.754705553457914,0.961455096118101
"3","nsga2",0.696969696969697,0.571428571428571,1,0.96910719802286,0,0.0308928019771393,0.965111561866125,0.971974520036199,0.972372779283349,0.753529147323956,0.960929209771836
"4","nsga3",0.641025641025641,0.55,1,0.968269230769231,0,0.0317307692307692,0.964705882352941,0.96583107227388,0.966421240517626,0.738423498551791,0.952512462932363
"5","rs",0.0998888751697741,0.0525991792065664,1,0,0,1,0.0525991792065664,0,0.5,0,0.292893218813453
"6","spea2",0.696969696969697,0.583333333333333,1,0.96875,0,0.03125,0.964705882352941,0.968838459113924,0.969323998795544,0.759209602212567,0.956617583057285
