"","algo","tp","tn","fp","fn","F1","precision","recall","tnr","fnr","fpr","accuracy","G","auc","Gmean","balance"
"1","ga",5,10,1,0,0.909090909090909,0.833333333333333,1,0.9375,0,0.0625,0.92,0.707106781186548,0.75,0.912870929175277,0.646446609406726
"2","ibea",5,10,1,1,0.833333333333333,0.75,0.952380952380952,0.9375,0.0476190476190476,0.0625,0.88,0.707106781186548,0.75,0.755928946018454,0.646446609406726
"3","nsga2",5,10,1,0,0.888888888888889,0.833333333333333,1,0.9375,0,0.0625,0.92,0.707106781186548,0.75,0.912870929175277,0.646446609406726
"4","nsga3",5,10,1,7,0.756756756756757,0.833333333333333,0.666666666666667,0.9375,0.333333333333333,0.0625,0.64,0.707106781186548,0.75,0.554700196225229,0.646446609406726
"5","rs",5,10,1,3,0.75,0.75,0.857142857142857,0.9375,0.142857142857143,0.0625,0.84,0.707106781186548,0.75,0.603022689155527,0.646446609406726
"6","spea2",5,10,0,0,0.888888888888889,0.91304347826087,1,1,0,0,0.88,0.707106781186548,0.75,0.935414346693485,0.646446609406726
